{
  "threshold_error_rate": 0.05,
  "threshold_latency_mult": 2.0,
  "baseline_p95": 290.59599999999966,
  "n_windows": 120,
  "n_anomaly": 40,
  "n_normal": 80,
  "tp": 32,
  "fp": 0,
  "tn": 80,
  "fn": 8,
  "precision": 1.0,
  "recall": 0.8,
  "f1": 0.888888888888889,
  "specificity": 1.0,
  "fpr": 0.0,
  "mcc": 0.8528028654224417,
  "balanced_accuracy": 0.9
}