{
  "accuracy": 0.9742063492063492,
  "precision": 0.8217821782178217,
  "recall": 0.7094017094017094,
  "f1_score": 0.761467889908257,
  "false_positive_rate": 0.009478672985781991,
  "confusion_matrix": {
    "tn": 1881,
    "fp": 18,
    "fn": 34,
    "tp": 83
  },
  "targets_met": false,
  "chosen_threshold": -0.03999999999999948,
  "threshold_sweep_best_f1": 0.7643979057591623
}