{
  "training_source": "chaos_traffic_v1",
  "chosen_threshold": 6.175615574477433e-16,
  "val_sweep_best_f1": 0.9130434782608696,
  "splits": {
    "train": {
      "n_windows": 59,
      "n_positive": 0,
      "anomaly_rate": 0.0
    },
    "val": {
      "n_windows": 59,
      "n_positive": 21,
      "anomaly_rate": 0.3559322033898305,
      "best_threshold": 6.175615574477433e-16,
      "f1": 0.9130434782608696,
      "precision": 0.84,
      "recall": 1.0
    },
    "test": {
      "n_windows": 61,
      "n_positive": 19,
      "anomaly_rate": 0.3114754098360656,
      "f1": 0.9142857142857143,
      "precision": 1.0,
      "recall": 0.8421052631578947,
      "fpr": 0.0,
      "tp": 16,
      "fp": 0,
      "tn": 42,
      "fn": 3,
      "pr_auc": 0.980312623664424,
      "roc_auc": 0.9874686716791979
    }
  }
}